gen,best_fitness,mean_fitness,min_fitness,best_chromosome,elapsed_s
1,0.0,0.0,0.0,"[0,0,2,1,0,0,1,0,2,2]",0.86
2,0.0,0.0,0.0,"[0,0,2,1,0,0,1,0,2,2]",0.1
3,0.0,0.0,0.0,"[0,0,2,1,0,0,1,0,2,2]",0.1
4,0.0,0.0,0.0,"[0,0,2,1,0,0,1,0,2,2]",0.07
5,0.0,0.0,0.0,"[0,0,2,1,0,0,1,0,2,2]",0.03
6,0.0,0.0,0.0,"[0,0,2,1,0,0,1,0,2,2]",0.04
7,0.0,0.0,0.0,"[0,0,2,1,0,0,1,0,2,2]",0.03
8,0.0,0.0,0.0,"[0,0,2,1,0,0,1,0,2,2]",0.03
9,0.0,0.0,0.0,"[0,0,2,1,0,0,1,0,2,2]",0.03
10,0.0,0.0,0.0,"[0,0,2,1,0,0,1,0,2,2]",0.03
11,0.0,0.0,0.0,"[0,0,2,1,0,0,1,0,2,2]",0.08
12,0.0,0.0,0.0,"[0,0,2,1,0,0,1,0,2,2]",0.03
13,0.0,0.0,0.0,"[0,0,2,1,0,0,1,0,2,2]",0.04
14,0.0,0.0,0.0,"[0,0,2,1,0,0,1,0,2,2]",0.06
15,0.0,0.0,0.0,"[0,0,2,1,0,0,1,0,2,2]",0.05
