gen,best_fitness,mean_fitness,std_fitness,min_fitness,best_chromosome,elapsed_s
1,0.6495,0.54905,0.047605,0.467,"[3,0,2,0,1,1,0,0,2,0,1,0,1]",1919.06
2,0.6765,0.56025,0.159458,0.0995,"[3,0,2,0,1,1,0,0,1,0,1,0,1]",1297.09
3,0.7,0.630925,0.060792,0.488,"[3,0,2,0,2,0,0,0,2,0,1,0,0]",1173.33
4,0.6995,0.6227,0.068668,0.477,"[3,0,1,0,2,0,0,1,2,0,1,0,0]",1257.0
5,0.708,0.669875,0.041114,0.549,"[3,1,2,0,2,0,0,0,2,0,1,0,0]",1436.16
6,0.7085,0.6569,0.049592,0.517,"[3,1,2,0,2,0,0,0,2,0,1,0,0]",1660.32
7,0.7065,0.644725,0.089609,0.3725,"[3,1,2,0,2,0,0,0,2,0,1,0,0]",1516.98
8,0.71,0.671125,0.058433,0.44,"[3,1,2,0,2,0,0,0,1,0,2,0,0]",1521.59
9,0.7235,0.6674,0.051366,0.5315,"[3,1,2,0,2,0,0,0,1,0,0,0,0]",1496.78
10,0.7095,0.65155,0.087922,0.3505,"[3,0,2,0,1,0,0,0,0,0,0,0,0]",1577.26
